Name,Age,Salary,Department
John,25.0,50000.0,IT
Alice,30.0,60000.0,HR
Bob,28.0,35833.333333333336,IT
Eve,28.333333333333332,55000.0,HR
Charlie,35.0,65000.0,Finance
Alice,31.0,30000.0,IT
